variant,threshold,month,rows,trades,coverage,trade_precision,buy_precision,sell_precision,avg_r,total_r,profit_factor,max_drawdown_r,prediction_distribution,target_distribution,low_sample
no_policy,0.40,2024-01,4900,2085,0.42551,0.258513,0.197674,0.278521,-0.056494,-117.79,0.911047,420.28,"{""DO_NOTHING"": 2815, ""ENTER_BUY"": 516, ""ENTER_SELL"": 1569}","{""DO_NOTHING"": 3222, ""ENTER_BUY"": 711, ""ENTER_SELL"": 967}",False
no_policy,0.40,2024-02,4900,1492,0.30449,0.297587,0.28867,0.316562,0.158546,236.55,1.289804,192.82,"{""DO_NOTHING"": 3408, ""ENTER_BUY"": 1015, ""ENTER_SELL"": 477}","{""DO_NOTHING"": 3681, ""ENTER_BUY"": 652, ""ENTER_SELL"": 567}",False
no_policy,0.40,2024-03,4857,1360,0.280008,0.136029,0.164882,0.07277,-0.141515,-192.46,0.762747,262.17,"{""DO_NOTHING"": 3497, ""ENTER_BUY"": 934, ""ENTER_SELL"": 426}","{""DO_NOTHING"": 3713, ""ENTER_BUY"": 475, ""ENTER_SELL"": 669}",False
no_policy,0.40,2024-04,4901,1875,0.382575,0.260267,0.25583,0.273913,0.076784,143.97,1.140293,175.1,"{""DO_NOTHING"": 3026, ""ENTER_BUY"": 1415, ""ENTER_SELL"": 460}","{""DO_NOTHING"": 3419, ""ENTER_BUY"": 741, ""ENTER_SELL"": 741}",False
no_policy,0.40,2024-05,5476,1590,0.290358,0.154088,0.189536,0.091854,-0.131925,-209.76,0.776537,339.61,"{""DO_NOTHING"": 3886, ""ENTER_BUY"": 1013, ""ENTER_SELL"": 577}","{""DO_NOTHING"": 4306, ""ENTER_BUY"": 677, ""ENTER_SELL"": 493}",False
no_policy,0.40,2024-06,4612,1489,0.322853,0.200134,0.195632,0.211009,-0.050826,-75.68,0.91449,253.94,"{""DO_NOTHING"": 3123, ""ENTER_BUY"": 1053, ""ENTER_SELL"": 436}","{""DO_NOTHING"": 3394, ""ENTER_BUY"": 492, ""ENTER_SELL"": 726}",False
no_policy,0.40,2024-07,5000,1258,0.2516,0.209857,0.160041,0.386282,0.155231,195.28,1.332199,189.63,"{""DO_NOTHING"": 3742, ""ENTER_BUY"": 981, ""ENTER_SELL"": 277}","{""DO_NOTHING"": 4219, ""ENTER_BUY"": 358, ""ENTER_SELL"": 423}",False
no_policy,0.40,2024-08,5188,1806,0.348111,0.249169,0.298441,0.200441,0.105609,190.73,1.201645,140.62,"{""DO_NOTHING"": 3382, ""ENTER_BUY"": 898, ""ENTER_SELL"": 908}","{""DO_NOTHING"": 3684, ""ENTER_BUY"": 801, ""ENTER_SELL"": 703}",False
no_policy,0.40,2024-09,4613,1354,0.293518,0.20384,0.218837,0.198389,-0.201359,-272.64,0.694603,382.72,"{""DO_NOTHING"": 3259, ""ENTER_BUY"": 361, ""ENTER_SELL"": 993}","{""DO_NOTHING"": 3223, ""ENTER_BUY"": 785, ""ENTER_SELL"": 605}",False
no_policy,0.40,2024-10,5476,1666,0.304237,0.257503,0.140299,0.336345,0.216411,360.54,1.461485,111.54,"{""DO_NOTHING"": 3810, ""ENTER_BUY"": 670, ""ENTER_SELL"": 996}","{""DO_NOTHING"": 4215, ""ENTER_BUY"": 427, ""ENTER_SELL"": 834}",False
no_policy,0.40,2024-11,4888,2664,0.545008,0.297673,0.308785,0.269987,0.011404,30.38,1.017998,391.76,"{""DO_NOTHING"": 2224, ""ENTER_BUY"": 1901, ""ENTER_SELL"": 763}","{""DO_NOTHING"": 2613, ""ENTER_BUY"": 1115, ""ENTER_SELL"": 1160}",False
no_policy,0.40,2024-12,4567,1925,0.421502,0.26961,0.236015,0.340323,0.007709,14.84,1.012874,237.12,"{""DO_NOTHING"": 2642, ""ENTER_BUY"": 1305, ""ENTER_SELL"": 620}","{""DO_NOTHING"": 2761, ""ENTER_BUY"": 914, ""ENTER_SELL"": 892}",False
no_policy,0.40,2025-01,4844,2781,0.574112,0.311039,0.310111,0.312338,0.093563,260.2,1.160602,155.28,"{""DO_NOTHING"": 2063, ""ENTER_BUY"": 1622, ""ENTER_SELL"": 1159}","{""DO_NOTHING"": 2821, ""ENTER_BUY"": 928, ""ENTER_SELL"": 1095}",False
no_policy,0.40,2025-02,4612,2534,0.549436,0.234807,0.249293,0.201307,-0.059519,-150.82,0.903304,319.06,"{""DO_NOTHING"": 2078, ""ENTER_BUY"": 1769, ""ENTER_SELL"": 765}","{""DO_NOTHING"": 2861, ""ENTER_BUY"": 905, ""ENTER_SELL"": 846}",False
no_policy,0.40,2025-03,4577,2257,0.493118,0.3035,0.355748,0.267416,0.014134,31.9,1.022479,304.36,"{""DO_NOTHING"": 2320, ""ENTER_BUY"": 922, ""ENTER_SELL"": 1335}","{""DO_NOTHING"": 2332, ""ENTER_BUY"": 1164, ""ENTER_SELL"": 1081}",False
no_policy,0.40,2025-04,5188,3380,0.651503,0.391716,0.446049,0.357074,0.197308,666.9,1.33061,131.0,"{""DO_NOTHING"": 1808, ""ENTER_BUY"": 1316, ""ENTER_SELL"": 2064}","{""DO_NOTHING"": 2083, ""ENTER_BUY"": 1674, ""ENTER_SELL"": 1431}",False
no_policy,0.40,2025-05,5176,2807,0.542311,0.307446,0.364103,0.266952,-0.018094,-50.79,0.972259,235.24,"{""DO_NOTHING"": 2369, ""ENTER_BUY"": 1170, ""ENTER_SELL"": 1637}","{""DO_NOTHING"": 2371, ""ENTER_BUY"": 1562, ""ENTER_SELL"": 1243}",False
no_policy,0.40,2025-06,4613,2234,0.484284,0.318263,0.394399,0.270879,0.046486,103.85,1.074342,184.46,"{""DO_NOTHING"": 2379, ""ENTER_BUY"": 857, ""ENTER_SELL"": 1377}","{""DO_NOTHING"": 2481, ""ENTER_BUY"": 1207, ""ENTER_SELL"": 925}",False
no_policy,0.40,2025-07,5235,2504,0.478319,0.342252,0.225641,0.395012,0.169704,424.94,1.299481,134.98,"{""DO_NOTHING"": 2731, ""ENTER_BUY"": 780, ""ENTER_SELL"": 1724}","{""DO_NOTHING"": 2834, ""ENTER_BUY"": 946, ""ENTER_SELL"": 1455}",False
no_policy,0.40,2025-08,4898,2275,0.464475,0.258022,0.361111,0.240902,-0.088475,-201.28,0.867015,300.87,"{""DO_NOTHING"": 2623, ""ENTER_BUY"": 324, ""ENTER_SELL"": 1951}","{""DO_NOTHING"": 2914, ""ENTER_BUY"": 974, ""ENTER_SELL"": 1010}",False
no_policy,0.40,2025-09,4901,2095,0.427464,0.280191,0.237261,0.298569,0.012974,27.18,1.021328,227.49,"{""DO_NOTHING"": 2806, ""ENTER_BUY"": 628, ""ENTER_SELL"": 1467}","{""DO_NOTHING"": 3081, ""ENTER_BUY"": 863, ""ENTER_SELL"": 957}",False
no_policy,0.40,2025-10,5429,2227,0.410204,0.309385,0.3125,0.308455,0.235182,523.75,1.469331,141.32,"{""DO_NOTHING"": 3202, ""ENTER_BUY"": 512, ""ENTER_SELL"": 1715}","{""DO_NOTHING"": 3455, ""ENTER_BUY"": 956, ""ENTER_SELL"": 1018}",False
no_policy,0.40,2025-11,4612,1722,0.373374,0.24158,0.103604,0.262,0.007718,13.29,1.013322,196.0,"{""DO_NOTHING"": 2890, ""ENTER_BUY"": 222, ""ENTER_SELL"": 1500}","{""DO_NOTHING"": 3314, ""ENTER_BUY"": 621, ""ENTER_SELL"": 677}",False
no_policy,0.40,2025-12,4596,1337,0.290905,0.23261,0.393443,0.207106,0.13454,179.88,1.265415,249.07,"{""DO_NOTHING"": 3259, ""ENTER_BUY"": 183, ""ENTER_SELL"": 1154}","{""DO_NOTHING"": 3497, ""ENTER_BUY"": 616, ""ENTER_SELL"": 483}",False
no_policy,0.40,2026-01,4611,1912,0.414661,0.319561,0.316883,0.320236,0.069697,133.26,1.116177,301.7,"{""DO_NOTHING"": 2699, ""ENTER_BUY"": 385, ""ENTER_SELL"": 1527}","{""DO_NOTHING"": 2888, ""ENTER_BUY"": 857, ""ENTER_SELL"": 866}",False
no_policy,0.40,2026-02,4539,1784,0.393038,0.263453,0.232659,0.282967,0.075768,135.17,1.139503,116.51,"{""DO_NOTHING"": 2755, ""ENTER_BUY"": 692, ""ENTER_SELL"": 1092}","{""DO_NOTHING"": 3177, ""ENTER_BUY"": 581, ""ENTER_SELL"": 781}",False
no_policy,0.40,2026-03,4866,2233,0.458898,0.331841,0.353698,0.316154,0.135804,303.25,1.229259,132.21,"{""DO_NOTHING"": 2633, ""ENTER_BUY"": 933, ""ENTER_SELL"": 1300}","{""DO_NOTHING"": 2382, ""ENTER_BUY"": 1060, ""ENTER_SELL"": 1424}",False
no_policy,0.40,2026-04,2294,1160,0.505667,0.159483,0.666667,0.152838,-0.318733,-369.73,0.548477,430.54,"{""DO_NOTHING"": 1134, ""ENTER_BUY"": 15, ""ENTER_SELL"": 1145}","{""DO_NOTHING"": 1283, ""ENTER_BUY"": 692, ""ENTER_SELL"": 319}",False
rich_policy_light,0.40,2024-01,4900,1989,0.405918,0.262443,0.217021,0.276498,-0.046687,-92.86,0.925993,378.28,"{""DO_NOTHING"": 2911, ""ENTER_BUY"": 470, ""ENTER_SELL"": 1519}","{""DO_NOTHING"": 3222, ""ENTER_BUY"": 711, ""ENTER_SELL"": 967}",False
rich_policy_light,0.40,2024-02,4900,1392,0.284082,0.313937,0.309072,0.324324,0.217766,303.13,1.413085,167.82,"{""DO_NOTHING"": 3508, ""ENTER_BUY"": 948, ""ENTER_SELL"": 444}","{""DO_NOTHING"": 3681, ""ENTER_BUY"": 652, ""ENTER_SELL"": 567}",False
rich_policy_light,0.40,2024-03,4857,978,0.201359,0.124744,0.164763,0.057534,-0.085808,-83.92,0.845849,163.55,"{""DO_NOTHING"": 3879, ""ENTER_BUY"": 613, ""ENTER_SELL"": 365}","{""DO_NOTHING"": 3713, ""ENTER_BUY"": 475, ""ENTER_SELL"": 669}",False
rich_policy_light,0.40,2024-04,4901,1779,0.362987,0.260259,0.256979,0.272251,0.076785,136.6,1.139449,187.69,"{""DO_NOTHING"": 3122, ""ENTER_BUY"": 1397, ""ENTER_SELL"": 382}","{""DO_NOTHING"": 3419, ""ENTER_BUY"": 741, ""ENTER_SELL"": 741}",False
rich_policy_light,0.40,2024-05,5476,1128,0.20599,0.133865,0.203101,0.041408,-0.18867,-212.82,0.690961,318.1,"{""DO_NOTHING"": 4348, ""ENTER_BUY"": 645, ""ENTER_SELL"": 483}","{""DO_NOTHING"": 4306, ""ENTER_BUY"": 677, ""ENTER_SELL"": 493}",False
rich_policy_light,0.40,2024-06,4612,1324,0.287077,0.207704,0.194681,0.239583,0.011745,15.55,1.020843,204.33,"{""DO_NOTHING"": 3288, ""ENTER_BUY"": 940, ""ENTER_SELL"": 384}","{""DO_NOTHING"": 3394, ""ENTER_BUY"": 492, ""ENTER_SELL"": 726}",False
rich_policy_light,0.40,2024-07,5000,930,0.186,0.230108,0.166181,0.409836,0.332269,309.01,1.866691,99.88,"{""DO_NOTHING"": 4070, ""ENTER_BUY"": 686, ""ENTER_SELL"": 244}","{""DO_NOTHING"": 4219, ""ENTER_BUY"": 358, ""ENTER_SELL"": 423}",False
rich_policy_light,0.40,2024-08,5188,1066,0.205474,0.268293,0.320417,0.179747,0.16682,177.83,1.331506,115.62,"{""DO_NOTHING"": 4122, ""ENTER_BUY"": 671, ""ENTER_SELL"": 395}","{""DO_NOTHING"": 3684, ""ENTER_BUY"": 801, ""ENTER_SELL"": 703}",False
rich_policy_light,0.40,2024-09,4613,1131,0.245177,0.147657,0.17094,0.141583,-0.333015,-376.64,0.516347,416.28,"{""DO_NOTHING"": 3482, ""ENTER_BUY"": 234, ""ENTER_SELL"": 897}","{""DO_NOTHING"": 3223, ""ENTER_BUY"": 785, ""ENTER_SELL"": 605}",False
rich_policy_light,0.40,2024-10,5476,1590,0.290358,0.26478,0.145963,0.345666,0.251943,400.59,1.552721,111.54,"{""DO_NOTHING"": 3886, ""ENTER_BUY"": 644, ""ENTER_SELL"": 946}","{""DO_NOTHING"": 4215, ""ENTER_BUY"": 427, ""ENTER_SELL"": 834}",False
rich_policy_light,0.40,2024-11,4888,2585,0.528846,0.295551,0.302767,0.277628,0.008658,22.38,1.013663,353.76,"{""DO_NOTHING"": 2303, ""ENTER_BUY"": 1843, ""ENTER_SELL"": 742}","{""DO_NOTHING"": 2613, ""ENTER_BUY"": 1115, ""ENTER_SELL"": 1160}",False
rich_policy_light,0.40,2024-12,4567,1841,0.403109,0.275937,0.247588,0.335008,0.034449,63.42,1.058606,203.54,"{""DO_NOTHING"": 2726, ""ENTER_BUY"": 1244, ""ENTER_SELL"": 597}","{""DO_NOTHING"": 2761, ""ENTER_BUY"": 914, ""ENTER_SELL"": 892}",False
rich_policy_light,0.40,2025-01,4844,2375,0.490297,0.281263,0.286505,0.273118,0.006922,16.44,1.011338,179.43,"{""DO_NOTHING"": 2469, ""ENTER_BUY"": 1445, ""ENTER_SELL"": 930}","{""DO_NOTHING"": 2821, ""ENTER_BUY"": 928, ""ENTER_SELL"": 1095}",False
rich_policy_light,0.40,2025-02,4612,2176,0.471813,0.247702,0.265943,0.209402,-0.014205,-30.91,0.976391,270.51,"{""DO_NOTHING"": 2436, ""ENTER_BUY"": 1474, ""ENTER_SELL"": 702}","{""DO_NOTHING"": 2861, ""ENTER_BUY"": 905, ""ENTER_SELL"": 846}",False
rich_policy_light,0.40,2025-03,4577,857,0.187241,0.358226,0.362963,0.350158,0.241505,206.97,1.44595,98.69,"{""DO_NOTHING"": 3720, ""ENTER_BUY"": 540, ""ENTER_SELL"": 317}","{""DO_NOTHING"": 2332, ""ENTER_BUY"": 1164, ""ENTER_SELL"": 1081}",False
rich_policy_light,0.40,2025-04,5188,2293,0.441981,0.384213,0.451859,0.32717,0.166079,380.82,1.272669,145.38,"{""DO_NOTHING"": 2895, ""ENTER_BUY"": 1049, ""ENTER_SELL"": 1244}","{""DO_NOTHING"": 2083, ""ENTER_BUY"": 1674, ""ENTER_SELL"": 1431}",False
rich_policy_light,0.40,2025-05,5176,2649,0.511785,0.303133,0.358423,0.262883,-0.027999,-74.17,0.957223,259.24,"{""DO_NOTHING"": 2527, ""ENTER_BUY"": 1116, ""ENTER_SELL"": 1533}","{""DO_NOTHING"": 2371, ""ENTER_BUY"": 1562, ""ENTER_SELL"": 1243}",False
rich_policy_light,0.40,2025-06,4613,1122,0.243226,0.299465,0.340807,0.272189,-0.005383,-6.04,0.991595,124.1,"{""DO_NOTHING"": 3491, ""ENTER_BUY"": 446, ""ENTER_SELL"": 676}","{""DO_NOTHING"": 2481, ""ENTER_BUY"": 1207, ""ENTER_SELL"": 925}",False
rich_policy_light,0.40,2025-07,5235,2054,0.392359,0.336417,0.233444,0.37931,0.158598,325.76,1.277434,128.82,"{""DO_NOTHING"": 3181, ""ENTER_BUY"": 604, ""ENTER_SELL"": 1450}","{""DO_NOTHING"": 2834, ""ENTER_BUY"": 946, ""ENTER_SELL"": 1455}",False
rich_policy_light,0.40,2025-08,4898,2097,0.428134,0.254173,0.42029,0.228995,-0.08959,-187.87,0.864992,276.59,"{""DO_NOTHING"": 2801, ""ENTER_BUY"": 276, ""ENTER_SELL"": 1821}","{""DO_NOTHING"": 2914, ""ENTER_BUY"": 974, ""ENTER_SELL"": 1010}",False
rich_policy_light,0.40,2025-09,4901,1654,0.337482,0.293833,0.21875,0.324532,0.081608,134.98,1.140808,144.87,"{""DO_NOTHING"": 3247, ""ENTER_BUY"": 480, ""ENTER_SELL"": 1174}","{""DO_NOTHING"": 3081, ""ENTER_BUY"": 863, ""ENTER_SELL"": 957}",False
rich_policy_light,0.40,2025-10,5429,2130,0.392337,0.305634,0.3125,0.303721,0.237099,505.02,1.477028,141.32,"{""DO_NOTHING"": 3299, ""ENTER_BUY"": 464, ""ENTER_SELL"": 1666}","{""DO_NOTHING"": 3455, ""ENTER_BUY"": 956, ""ENTER_SELL"": 1018}",False
rich_policy_light,0.40,2025-11,4612,1627,0.352775,0.254456,0.115,0.274001,0.028586,46.51,1.049527,196.24,"{""DO_NOTHING"": 2985, ""ENTER_BUY"": 200, ""ENTER_SELL"": 1427}","{""DO_NOTHING"": 3314, ""ENTER_BUY"": 621, ""ENTER_SELL"": 677}",False
rich_policy_light,0.40,2025-12,4596,744,0.16188,0.244624,0.404412,0.208882,0.109879,81.75,1.208487,100.13,"{""DO_NOTHING"": 3852, ""ENTER_BUY"": 136, ""ENTER_SELL"": 608}","{""DO_NOTHING"": 3497, ""ENTER_BUY"": 616, ""ENTER_SELL"": 483}",False
rich_policy_light,0.40,2026-01,4611,1590,0.344828,0.308805,0.243346,0.321778,0.059912,95.26,1.1008,213.7,"{""DO_NOTHING"": 3021, ""ENTER_BUY"": 263, ""ENTER_SELL"": 1327}","{""DO_NOTHING"": 2888, ""ENTER_BUY"": 857, ""ENTER_SELL"": 866}",False
rich_policy_light,0.40,2026-02,4539,1688,0.371888,0.242299,0.212481,0.262069,0.018916,31.93,1.033859,116.51,"{""DO_NOTHING"": 2851, ""ENTER_BUY"": 673, ""ENTER_SELL"": 1015}","{""DO_NOTHING"": 3177, ""ENTER_BUY"": 581, ""ENTER_SELL"": 781}",False
rich_policy_light,0.40,2026-03,4866,2167,0.445335,0.33318,0.347541,0.322684,0.143073,310.04,1.242837,141.21,"{""DO_NOTHING"": 2699, ""ENTER_BUY"": 915, ""ENTER_SELL"": 1252}","{""DO_NOTHING"": 2382, ""ENTER_BUY"": 1060, ""ENTER_SELL"": 1424}",False
rich_policy_light,0.40,2026-04,2294,609,0.265475,0.205255,0.0,0.206954,-0.155846,-94.91,0.751577,143.73,"{""DO_NOTHING"": 1685, ""ENTER_BUY"": 5, ""ENTER_SELL"": 604}","{""DO_NOTHING"": 1283, ""ENTER_BUY"": 692, ""ENTER_SELL"": 319}",False
rich_policy_medium,0.40,2024-01,4900,1373,0.280204,0.260743,0.208075,0.276879,-0.022105,-30.35,0.964021,295.84,"{""DO_NOTHING"": 3527, ""ENTER_BUY"": 322, ""ENTER_SELL"": 1051}","{""DO_NOTHING"": 3222, ""ENTER_BUY"": 711, ""ENTER_SELL"": 967}",False
rich_policy_medium,0.40,2024-02,4900,818,0.166939,0.300733,0.282374,0.339695,0.208545,170.59,1.397544,108.66,"{""DO_NOTHING"": 4082, ""ENTER_BUY"": 556, ""ENTER_SELL"": 262}","{""DO_NOTHING"": 3681, ""ENTER_BUY"": 652, ""ENTER_SELL"": 567}",False
rich_policy_medium,0.40,2024-03,4857,564,0.116121,0.157801,0.196765,0.082902,-0.061082,-34.45,0.891578,77.8,"{""DO_NOTHING"": 4293, ""ENTER_BUY"": 371, ""ENTER_SELL"": 193}","{""DO_NOTHING"": 3713, ""ENTER_BUY"": 475, ""ENTER_SELL"": 669}",False
rich_policy_medium,0.40,2024-04,4901,1157,0.236074,0.263613,0.263557,0.26383,0.165445,191.42,1.3285,90.29,"{""DO_NOTHING"": 3744, ""ENTER_BUY"": 922, ""ENTER_SELL"": 235}","{""DO_NOTHING"": 3419, ""ENTER_BUY"": 741, ""ENTER_SELL"": 741}",False
rich_policy_medium,0.40,2024-05,5476,680,0.124178,0.117647,0.209366,0.012618,-0.196074,-133.33,0.67669,201.58,"{""DO_NOTHING"": 4796, ""ENTER_BUY"": 363, ""ENTER_SELL"": 317}","{""DO_NOTHING"": 4306, ""ENTER_BUY"": 677, ""ENTER_SELL"": 493}",False
rich_policy_medium,0.40,2024-06,4612,776,0.168257,0.221649,0.205357,0.263889,0.084691,65.72,1.159159,119.52,"{""DO_NOTHING"": 3836, ""ENTER_BUY"": 560, ""ENTER_SELL"": 216}","{""DO_NOTHING"": 3394, ""ENTER_BUY"": 492, ""ENTER_SELL"": 726}",False
rich_policy_medium,0.40,2024-07,5000,558,0.1116,0.252688,0.190698,0.460938,0.438369,244.61,2.304239,55.0,"{""DO_NOTHING"": 4442, ""ENTER_BUY"": 430, ""ENTER_SELL"": 128}","{""DO_NOTHING"": 4219, ""ENTER_BUY"": 358, ""ENTER_SELL"": 423}",False
rich_policy_medium,0.40,2024-08,5188,640,0.123362,0.19375,0.203837,0.174888,0.054328,34.77,1.108456,100.43,"{""DO_NOTHING"": 4548, ""ENTER_BUY"": 417, ""ENTER_SELL"": 223}","{""DO_NOTHING"": 3684, ""ENTER_BUY"": 801, ""ENTER_SELL"": 703}",False
rich_policy_medium,0.40,2024-09,4613,709,0.153696,0.132581,0.186047,0.12069,-0.33055,-234.36,0.501478,290.64,"{""DO_NOTHING"": 3904, ""ENTER_BUY"": 129, ""ENTER_SELL"": 580}","{""DO_NOTHING"": 3223, ""ENTER_BUY"": 785, ""ENTER_SELL"": 605}",False
rich_policy_medium,0.40,2024-10,5476,1001,0.182798,0.241758,0.17284,0.288591,0.257123,257.38,1.614653,78.54,"{""DO_NOTHING"": 4475, ""ENTER_BUY"": 405, ""ENTER_SELL"": 596}","{""DO_NOTHING"": 4215, ""ENTER_BUY"": 427, ""ENTER_SELL"": 834}",False
rich_policy_medium,0.40,2024-11,4888,1898,0.388298,0.299262,0.314498,0.262206,0.039747,75.44,1.064432,283.61,"{""DO_NOTHING"": 2990, ""ENTER_BUY"": 1345, ""ENTER_SELL"": 553}","{""DO_NOTHING"": 2613, ""ENTER_BUY"": 1115, ""ENTER_SELL"": 1160}",False
rich_policy_medium,0.40,2024-12,4567,1251,0.273922,0.252598,0.251693,0.254795,0.022094,27.64,1.038569,160.66,"{""DO_NOTHING"": 3316, ""ENTER_BUY"": 886, ""ENTER_SELL"": 365}","{""DO_NOTHING"": 2761, ""ENTER_BUY"": 914, ""ENTER_SELL"": 892}",False
rich_policy_medium,0.40,2025-01,4844,1783,0.368084,0.255749,0.264014,0.242245,-0.067902,-121.07,0.892305,197.59,"{""DO_NOTHING"": 3061, ""ENTER_BUY"": 1106, ""ENTER_SELL"": 677}","{""DO_NOTHING"": 2821, ""ENTER_BUY"": 928, ""ENTER_SELL"": 1095}",False
rich_policy_medium,0.40,2025-02,4612,1641,0.355811,0.258988,0.260417,0.255624,0.057008,93.55,1.100866,197.69,"{""DO_NOTHING"": 2971, ""ENTER_BUY"": 1152, ""ENTER_SELL"": 489}","{""DO_NOTHING"": 2861, ""ENTER_BUY"": 905, ""ENTER_SELL"": 846}",False
rich_policy_medium,0.40,2025-03,4577,604,0.131964,0.357616,0.362069,0.348485,0.287748,173.8,1.556623,62.94,"{""DO_NOTHING"": 3973, ""ENTER_BUY"": 406, ""ENTER_SELL"": 198}","{""DO_NOTHING"": 2332, ""ENTER_BUY"": 1164, ""ENTER_SELL"": 1081}",False
rich_policy_medium,0.40,2025-04,5188,1828,0.352352,0.386214,0.460648,0.319502,0.175016,319.93,1.288868,118.38,"{""DO_NOTHING"": 3360, ""ENTER_BUY"": 864, ""ENTER_SELL"": 964}","{""DO_NOTHING"": 2083, ""ENTER_BUY"": 1674, ""ENTER_SELL"": 1431}",False
rich_policy_medium,0.40,2025-05,5176,1942,0.375193,0.299691,0.358382,0.252553,-0.020865,-40.52,0.967737,185.84,"{""DO_NOTHING"": 3234, ""ENTER_BUY"": 865, ""ENTER_SELL"": 1077}","{""DO_NOTHING"": 2371, ""ENTER_BUY"": 1562, ""ENTER_SELL"": 1243}",False
rich_policy_medium,0.40,2025-06,4613,793,0.171905,0.282472,0.351852,0.234542,-0.021602,-17.13,0.966051,110.1,"{""DO_NOTHING"": 3820, ""ENTER_BUY"": 324, ""ENTER_SELL"": 469}","{""DO_NOTHING"": 2481, ""ENTER_BUY"": 1207, ""ENTER_SELL"": 925}",False
rich_policy_medium,0.40,2025-07,5235,1486,0.283859,0.347914,0.251586,0.392892,0.234522,348.5,1.437765,85.71,"{""DO_NOTHING"": 3749, ""ENTER_BUY"": 473, ""ENTER_SELL"": 1013}","{""DO_NOTHING"": 2834, ""ENTER_BUY"": 946, ""ENTER_SELL"": 1455}",False
rich_policy_medium,0.40,2025-08,4898,1484,0.302981,0.251348,0.456853,0.219891,-0.062008,-92.02,0.904353,249.54,"{""DO_NOTHING"": 3414, ""ENTER_BUY"": 197, ""ENTER_SELL"": 1287}","{""DO_NOTHING"": 2914, ""ENTER_BUY"": 974, ""ENTER_SELL"": 1010}",False
rich_policy_medium,0.40,2025-09,4901,1135,0.231585,0.315419,0.206897,0.363405,0.191648,217.52,1.36237,135.0,"{""DO_NOTHING"": 3766, ""ENTER_BUY"": 348, ""ENTER_SELL"": 787}","{""DO_NOTHING"": 3081, ""ENTER_BUY"": 863, ""ENTER_SELL"": 957}",False
rich_policy_medium,0.40,2025-10,5429,1483,0.273163,0.306811,0.30742,0.306667,0.299258,443.8,1.649524,86.92,"{""DO_NOTHING"": 3946, ""ENTER_BUY"": 283, ""ENTER_SELL"": 1200}","{""DO_NOTHING"": 3455, ""ENTER_BUY"": 956, ""ENTER_SELL"": 1018}",False
rich_policy_medium,0.40,2025-11,4612,1084,0.235039,0.273985,0.150376,0.291272,0.159197,172.57,1.306846,101.57,"{""DO_NOTHING"": 3528, ""ENTER_BUY"": 133, ""ENTER_SELL"": 951}","{""DO_NOTHING"": 3314, ""ENTER_BUY"": 621, ""ENTER_SELL"": 677}",False
rich_policy_medium,0.40,2025-12,4596,438,0.0953,0.214612,0.416667,0.148485,0.099132,43.42,1.195568,64.13,"{""DO_NOTHING"": 4158, ""ENTER_BUY"": 108, ""ENTER_SELL"": 330}","{""DO_NOTHING"": 3497, ""ENTER_BUY"": 616, ""ENTER_SELL"": 483}",False
rich_policy_medium,0.40,2026-01,4611,1104,0.239427,0.303442,0.247312,0.314815,0.047373,52.3,1.078959,145.87,"{""DO_NOTHING"": 3507, ""ENTER_BUY"": 186, ""ENTER_SELL"": 918}","{""DO_NOTHING"": 2888, ""ENTER_BUY"": 857, ""ENTER_SELL"": 866}",False
rich_policy_medium,0.40,2026-02,4539,1138,0.250716,0.203866,0.161491,0.235115,-0.012223,-13.91,0.977251,94.09,"{""DO_NOTHING"": 3401, ""ENTER_BUY"": 483, ""ENTER_SELL"": 655}","{""DO_NOTHING"": 3177, ""ENTER_BUY"": 581, ""ENTER_SELL"": 781}",False
rich_policy_medium,0.40,2026-03,4866,1565,0.321619,0.336102,0.356164,0.321586,0.195444,305.87,1.346265,80.22,"{""DO_NOTHING"": 3301, ""ENTER_BUY"": 657, ""ENTER_SELL"": 908}","{""DO_NOTHING"": 2382, ""ENTER_BUY"": 1060, ""ENTER_SELL"": 1424}",False
rich_policy_medium,0.40,2026-04,2294,459,0.200087,0.22658,0.0,0.227571,-0.057211,-26.26,0.900311,93.66,"{""DO_NOTHING"": 1835, ""ENTER_BUY"": 2, ""ENTER_SELL"": 457}","{""DO_NOTHING"": 1283, ""ENTER_BUY"": 692, ""ENTER_SELL"": 319}",False
rich_policy_strict,0.40,2024-01,4900,703,0.143469,0.213371,0.127517,0.236462,-0.149403,-105.03,0.769717,167.96,"{""DO_NOTHING"": 4197, ""ENTER_BUY"": 149, ""ENTER_SELL"": 554}","{""DO_NOTHING"": 3222, ""ENTER_BUY"": 711, ""ENTER_SELL"": 967}",False
rich_policy_strict,0.40,2024-02,4900,342,0.069796,0.190058,0.157447,0.261682,-0.038538,-13.18,0.933645,83.54,"{""DO_NOTHING"": 4558, ""ENTER_BUY"": 235, ""ENTER_SELL"": 107}","{""DO_NOTHING"": 3681, ""ENTER_BUY"": 652, ""ENTER_SELL"": 567}",False
rich_policy_strict,0.40,2024-03,4857,152,0.031295,0.203947,0.254237,0.029412,-0.113947,-17.32,0.811596,53.75,"{""DO_NOTHING"": 4705, ""ENTER_BUY"": 118, ""ENTER_SELL"": 34}","{""DO_NOTHING"": 3713, ""ENTER_BUY"": 475, ""ENTER_SELL"": 669}",False
rich_policy_strict,0.40,2024-04,4901,629,0.128341,0.252782,0.257944,0.223404,0.281781,177.24,1.644626,73.29,"{""DO_NOTHING"": 4272, ""ENTER_BUY"": 535, ""ENTER_SELL"": 94}","{""DO_NOTHING"": 3419, ""ENTER_BUY"": 741, ""ENTER_SELL"": 741}",False
rich_policy_strict,0.40,2024-05,5476,274,0.050037,0.087591,0.15748,0.027211,-0.264124,-72.37,0.558369,96.11,"{""DO_NOTHING"": 5202, ""ENTER_BUY"": 127, ""ENTER_SELL"": 147}","{""DO_NOTHING"": 4306, ""ENTER_BUY"": 677, ""ENTER_SELL"": 493}",False
rich_policy_strict,0.40,2024-06,4612,260,0.056375,0.188462,0.097826,0.407895,0.135385,35.2,1.268846,55.16,"{""DO_NOTHING"": 4352, ""ENTER_BUY"": 184, ""ENTER_SELL"": 76}","{""DO_NOTHING"": 3394, ""ENTER_BUY"": 492, ""ENTER_SELL"": 726}",False
rich_policy_strict,0.40,2024-07,5000,252,0.0504,0.277778,0.229665,0.511628,0.609484,153.59,3.297188,19.21,"{""DO_NOTHING"": 4748, ""ENTER_BUY"": 209, ""ENTER_SELL"": 43}","{""DO_NOTHING"": 4219, ""ENTER_BUY"": 358, ""ENTER_SELL"": 423}",False
rich_policy_strict,0.40,2024-08,5188,256,0.049345,0.070312,0.06383,0.142857,-0.36,-92.16,0.418145,104.25,"{""DO_NOTHING"": 4932, ""ENTER_BUY"": 235, ""ENTER_SELL"": 21}","{""DO_NOTHING"": 3684, ""ENTER_BUY"": 801, ""ENTER_SELL"": 703}",False
rich_policy_strict,0.40,2024-09,4613,328,0.071103,0.125,0.307692,0.100346,-0.2625,-86.1,0.568767,138.72,"{""DO_NOTHING"": 4285, ""ENTER_BUY"": 39, ""ENTER_SELL"": 289}","{""DO_NOTHING"": 3223, ""ENTER_BUY"": 785, ""ENTER_SELL"": 605}",False
rich_policy_strict,0.40,2024-10,5476,507,0.092586,0.220907,0.25974,0.188406,0.298225,151.2,1.772532,63.54,"{""DO_NOTHING"": 4969, ""ENTER_BUY"": 231, ""ENTER_SELL"": 276}","{""DO_NOTHING"": 4215, ""ENTER_BUY"": 427, ""ENTER_SELL"": 834}",False
rich_policy_strict,0.40,2024-11,4888,1054,0.21563,0.283681,0.261034,0.35249,-0.005636,-5.94,0.991043,211.87,"{""DO_NOTHING"": 3834, ""ENTER_BUY"": 793, ""ENTER_SELL"": 261}","{""DO_NOTHING"": 2613, ""ENTER_BUY"": 1115, ""ENTER_SELL"": 1160}",False
rich_policy_strict,0.40,2024-12,4567,654,0.143201,0.215596,0.190751,0.311111,-0.106254,-69.49,0.830073,165.44,"{""DO_NOTHING"": 3913, ""ENTER_BUY"": 519, ""ENTER_SELL"": 135}","{""DO_NOTHING"": 2761, ""ENTER_BUY"": 914, ""ENTER_SELL"": 892}",False
rich_policy_strict,0.40,2025-01,4844,1044,0.215524,0.257663,0.235209,0.301994,-0.009617,-10.04,0.983828,179.45,"{""DO_NOTHING"": 3800, ""ENTER_BUY"": 693, ""ENTER_SELL"": 351}","{""DO_NOTHING"": 2821, ""ENTER_BUY"": 928, ""ENTER_SELL"": 1095}",False
rich_policy_strict,0.40,2025-02,4612,1040,0.225499,0.286538,0.262108,0.337278,0.17074,177.57,1.329731,149.85,"{""DO_NOTHING"": 3572, ""ENTER_BUY"": 702, ""ENTER_SELL"": 338}","{""DO_NOTHING"": 2861, ""ENTER_BUY"": 905, ""ENTER_SELL"": 846}",False
rich_policy_strict,0.40,2025-03,4577,271,0.059209,0.372694,0.362791,0.410714,0.451402,122.33,2.016283,36.37,"{""DO_NOTHING"": 4306, ""ENTER_BUY"": 215, ""ENTER_SELL"": 56}","{""DO_NOTHING"": 2332, ""ENTER_BUY"": 1164, ""ENTER_SELL"": 1081}",False
rich_policy_strict,0.40,2025-04,5188,1277,0.246145,0.396241,0.496063,0.297508,0.212161,270.93,1.358122,111.38,"{""DO_NOTHING"": 3911, ""ENTER_BUY"": 635, ""ENTER_SELL"": 642}","{""DO_NOTHING"": 2083, ""ENTER_BUY"": 1674, ""ENTER_SELL"": 1431}",False
rich_policy_strict,0.40,2025-05,5176,1046,0.202087,0.310707,0.344045,0.276596,0.007658,8.01,1.012045,136.66,"{""DO_NOTHING"": 4130, ""ENTER_BUY"": 529, ""ENTER_SELL"": 517}","{""DO_NOTHING"": 2371, ""ENTER_BUY"": 1562, ""ENTER_SELL"": 1243}",False
rich_policy_strict,0.40,2025-06,4613,379,0.082159,0.30343,0.373057,0.231183,0.050026,18.96,1.082199,58.91,"{""DO_NOTHING"": 4234, ""ENTER_BUY"": 193, ""ENTER_SELL"": 186}","{""DO_NOTHING"": 2481, ""ENTER_BUY"": 1207, ""ENTER_SELL"": 925}",False
rich_policy_strict,0.40,2025-07,5235,943,0.180134,0.313892,0.266272,0.340496,0.175779,165.76,1.324619,88.67,"{""DO_NOTHING"": 4292, ""ENTER_BUY"": 338, ""ENTER_SELL"": 605}","{""DO_NOTHING"": 2834, ""ENTER_BUY"": 946, ""ENTER_SELL"": 1455}",False
rich_policy_strict,0.40,2025-08,4898,807,0.164761,0.266419,0.617391,0.208092,0.065638,52.97,1.110841,118.52,"{""DO_NOTHING"": 4091, ""ENTER_BUY"": 115, ""ENTER_SELL"": 692}","{""DO_NOTHING"": 2914, ""ENTER_BUY"": 974, ""ENTER_SELL"": 1010}",False
rich_policy_strict,0.40,2025-09,4901,560,0.114262,0.357143,0.25,0.409574,0.413393,231.5,1.95025,37.37,"{""DO_NOTHING"": 4341, ""ENTER_BUY"": 184, ""ENTER_SELL"": 376}","{""DO_NOTHING"": 3081, ""ENTER_BUY"": 863, ""ENTER_SELL"": 957}",False
rich_policy_strict,0.40,2025-10,5429,798,0.146988,0.238095,0.208,0.243685,0.201554,160.84,1.423977,64.57,"{""DO_NOTHING"": 4631, ""ENTER_BUY"": 125, ""ENTER_SELL"": 673}","{""DO_NOTHING"": 3455, ""ENTER_BUY"": 956, ""ENTER_SELL"": 1018}",False
rich_policy_strict,0.40,2025-11,4612,480,0.104076,0.24375,0.154762,0.262626,0.276833,132.88,1.650416,41.11,"{""DO_NOTHING"": 4132, ""ENTER_BUY"": 84, ""ENTER_SELL"": 396}","{""DO_NOTHING"": 3314, ""ENTER_BUY"": 621, ""ENTER_SELL"": 677}",False
rich_policy_strict,0.40,2025-12,4596,217,0.047215,0.110599,0.157895,0.09375,-0.157281,-34.13,0.723151,53.39,"{""DO_NOTHING"": 4379, ""ENTER_BUY"": 57, ""ENTER_SELL"": 160}","{""DO_NOTHING"": 3497, ""ENTER_BUY"": 616, ""ENTER_SELL"": 483}",False
rich_policy_strict,0.40,2026-01,4611,583,0.126437,0.267581,0.190909,0.285412,-0.07717,-44.99,0.88153,112.92,"{""DO_NOTHING"": 4028, ""ENTER_BUY"": 110, ""ENTER_SELL"": 473}","{""DO_NOTHING"": 2888, ""ENTER_BUY"": 857, ""ENTER_SELL"": 866}",False
rich_policy_strict,0.40,2026-02,4539,529,0.116545,0.168242,0.099617,0.235075,-0.12603,-66.67,0.780849,106.31,"{""DO_NOTHING"": 4010, ""ENTER_BUY"": 261, ""ENTER_SELL"": 268}","{""DO_NOTHING"": 3177, ""ENTER_BUY"": 581, ""ENTER_SELL"": 781}",False
rich_policy_strict,0.40,2026-03,4866,856,0.175915,0.363318,0.371105,0.357853,0.254428,217.79,1.470846,60.0,"{""DO_NOTHING"": 4010, ""ENTER_BUY"": 353, ""ENTER_SELL"": 503}","{""DO_NOTHING"": 2382, ""ENTER_BUY"": 1060, ""ENTER_SELL"": 1424}",False
rich_policy_strict,0.40,2026-04,2294,294,0.12816,0.210884,0.0,0.212329,-0.07483,-22.0,0.873301,83.6,"{""DO_NOTHING"": 2000, ""ENTER_BUY"": 2, ""ENTER_SELL"": 292}","{""DO_NOTHING"": 1283, ""ENTER_BUY"": 692, ""ENTER_SELL"": 319}",False
no_policy,0.50,2024-01,4900,575,0.117347,0.372174,0.187879,0.446341,0.296904,170.72,1.562912,126.65,"{""DO_NOTHING"": 4325, ""ENTER_BUY"": 165, ""ENTER_SELL"": 410}","{""DO_NOTHING"": 3222, ""ENTER_BUY"": 711, ""ENTER_SELL"": 967}",False
no_policy,0.50,2024-02,4900,236,0.048163,0.241525,0.274286,0.147541,0.113475,26.78,1.219113,41.82,"{""DO_NOTHING"": 4664, ""ENTER_BUY"": 175, ""ENTER_SELL"": 61}","{""DO_NOTHING"": 3681, ""ENTER_BUY"": 652, ""ENTER_SELL"": 567}",False
no_policy,0.50,2024-03,4857,213,0.043854,0.061033,0.080645,0.033708,-0.415869,-88.58,0.409427,105.07,"{""DO_NOTHING"": 4644, ""ENTER_BUY"": 124, ""ENTER_SELL"": 89}","{""DO_NOTHING"": 3713, ""ENTER_BUY"": 475, ""ENTER_SELL"": 669}",False
no_policy,0.50,2024-04,4901,326,0.066517,0.429448,0.338346,0.833333,0.602086,196.28,2.589955,43.82,"{""DO_NOTHING"": 4575, ""ENTER_BUY"": 266, ""ENTER_SELL"": 60}","{""DO_NOTHING"": 3419, ""ENTER_BUY"": 741, ""ENTER_SELL"": 741}",False
no_policy,0.50,2024-05,5476,234,0.042732,0.051282,0.046243,0.065574,-0.593248,-138.82,0.246567,142.53,"{""DO_NOTHING"": 5242, ""ENTER_BUY"": 173, ""ENTER_SELL"": 61}","{""DO_NOTHING"": 4306, ""ENTER_BUY"": 677, ""ENTER_SELL"": 493}",False
no_policy,0.50,2024-06,4612,260,0.056375,0.273077,0.333333,0.080645,-0.048846,-12.7,0.925369,53.59,"{""DO_NOTHING"": 4352, ""ENTER_BUY"": 198, ""ENTER_SELL"": 62}","{""DO_NOTHING"": 3394, ""ENTER_BUY"": 492, ""ENTER_SELL"": 726}",False
no_policy,0.50,2024-07,5000,229,0.0458,0.248908,0.286486,0.090909,0.184279,42.2,1.40499,64.18,"{""DO_NOTHING"": 4771, ""ENTER_BUY"": 185, ""ENTER_SELL"": 44}","{""DO_NOTHING"": 4219, ""ENTER_BUY"": 358, ""ENTER_SELL"": 423}",False
no_policy,0.50,2024-08,5188,208,0.040093,0.375,0.339623,0.411765,0.425577,88.52,1.920549,55.15,"{""DO_NOTHING"": 4980, ""ENTER_BUY"": 106, ""ENTER_SELL"": 102}","{""DO_NOTHING"": 3684, ""ENTER_BUY"": 801, ""ENTER_SELL"": 703}",False
no_policy,0.50,2024-09,4613,92,0.019944,0.217391,0.5,0.175,-0.25913,-23.84,0.630674,45.53,"{""DO_NOTHING"": 4521, ""ENTER_BUY"": 12, ""ENTER_SELL"": 80}","{""DO_NOTHING"": 3223, ""ENTER_BUY"": 785, ""ENTER_SELL"": 605}",True
no_policy,0.50,2024-10,5476,330,0.060263,0.345455,0.173913,0.46875,0.568636,187.65,2.702813,38.18,"{""DO_NOTHING"": 5146, ""ENTER_BUY"": 138, ""ENTER_SELL"": 192}","{""DO_NOTHING"": 4215, ""ENTER_BUY"": 427, ""ENTER_SELL"": 834}",False
no_policy,0.50,2024-11,4888,599,0.122545,0.365609,0.487047,0.14554,0.167613,100.4,1.282992,103.3,"{""DO_NOTHING"": 4289, ""ENTER_BUY"": 386, ""ENTER_SELL"": 213}","{""DO_NOTHING"": 2613, ""ENTER_BUY"": 1115, ""ENTER_SELL"": 1160}",False
no_policy,0.50,2024-12,4567,358,0.078388,0.142458,0.114706,0.666667,-0.454749,-162.8,0.408538,175.53,"{""DO_NOTHING"": 4209, ""ENTER_BUY"": 340, ""ENTER_SELL"": 18}","{""DO_NOTHING"": 2761, ""ENTER_BUY"": 914, ""ENTER_SELL"": 892}",False
no_policy,0.50,2025-01,4844,384,0.079273,0.429688,0.41954,0.438095,0.468047,179.73,2.010741,49.0,"{""DO_NOTHING"": 4460, ""ENTER_BUY"": 174, ""ENTER_SELL"": 210}","{""DO_NOTHING"": 2821, ""ENTER_BUY"": 928, ""ENTER_SELL"": 1095}",False
no_policy,0.50,2025-02,4612,331,0.071769,0.205438,0.164557,0.308511,-0.236828,-78.39,0.664957,131.27,"{""DO_NOTHING"": 4281, ""ENTER_BUY"": 237, ""ENTER_SELL"": 94}","{""DO_NOTHING"": 2861, ""ENTER_BUY"": 905, ""ENTER_SELL"": 846}",False
no_policy,0.50,2025-03,4577,524,0.114485,0.28626,0.322835,0.274559,-0.059866,-31.37,0.908369,139.58,"{""DO_NOTHING"": 4053, ""ENTER_BUY"": 127, ""ENTER_SELL"": 397}","{""DO_NOTHING"": 2332, ""ENTER_BUY"": 1164, ""ENTER_SELL"": 1081}",False
no_policy,0.50,2025-04,5188,788,0.151889,0.404822,0.558685,0.347826,0.217792,171.62,1.366709,66.38,"{""DO_NOTHING"": 4400, ""ENTER_BUY"": 213, ""ENTER_SELL"": 575}","{""DO_NOTHING"": 2083, ""ENTER_BUY"": 1674, ""ENTER_SELL"": 1431}",False
no_policy,0.50,2025-05,5176,370,0.071484,0.256757,0.446809,0.139738,-0.21273,-78.71,0.708481,109.0,"{""DO_NOTHING"": 4806, ""ENTER_BUY"": 141, ""ENTER_SELL"": 229}","{""DO_NOTHING"": 2371, ""ENTER_BUY"": 1562, ""ENTER_SELL"": 1243}",False
no_policy,0.50,2025-06,4613,294,0.063733,0.37415,0.75,0.22381,0.196122,57.66,1.334707,89.95,"{""DO_NOTHING"": 4319, ""ENTER_BUY"": 84, ""ENTER_SELL"": 210}","{""DO_NOTHING"": 2481, ""ENTER_BUY"": 1207, ""ENTER_SELL"": 925}",False
no_policy,0.50,2025-07,5235,465,0.088825,0.4,0.303371,0.422872,0.292753,136.13,1.554795,42.11,"{""DO_NOTHING"": 4770, ""ENTER_BUY"": 89, ""ENTER_SELL"": 376}","{""DO_NOTHING"": 2834, ""ENTER_BUY"": 946, ""ENTER_SELL"": 1455}",False
no_policy,0.50,2025-08,4898,691,0.141078,0.335745,0.660377,0.308777,0.12424,85.85,1.206927,79.29,"{""DO_NOTHING"": 4207, ""ENTER_BUY"": 53, ""ENTER_SELL"": 638}","{""DO_NOTHING"": 2914, ""ENTER_BUY"": 974, ""ENTER_SELL"": 1010}",False
no_policy,0.50,2025-09,4901,356,0.072638,0.162921,0.131737,0.190476,-0.370534,-131.91,0.496815,185.0,"{""DO_NOTHING"": 4545, ""ENTER_BUY"": 167, ""ENTER_SELL"": 189}","{""DO_NOTHING"": 3081, ""ENTER_BUY"": 863, ""ENTER_SELL"": 957}",False
no_policy,0.50,2025-10,5429,349,0.064284,0.286533,0.592593,0.230508,0.147679,51.54,1.280933,92.08,"{""DO_NOTHING"": 5080, ""ENTER_BUY"": 54, ""ENTER_SELL"": 295}","{""DO_NOTHING"": 3455, ""ENTER_BUY"": 956, ""ENTER_SELL"": 1018}",False
no_policy,0.50,2025-11,4612,251,0.054423,0.494024,0.0,0.525424,0.834741,209.52,3.934865,28.52,"{""DO_NOTHING"": 4361, ""ENTER_BUY"": 15, ""ENTER_SELL"": 236}","{""DO_NOTHING"": 3314, ""ENTER_BUY"": 621, ""ENTER_SELL"": 677}",False
no_policy,0.50,2025-12,4596,229,0.049826,0.148472,0.043478,0.160194,-0.205153,-46.98,0.676869,107.11,"{""DO_NOTHING"": 4367, ""ENTER_BUY"": 23, ""ENTER_SELL"": 206}","{""DO_NOTHING"": 3497, ""ENTER_BUY"": 616, ""ENTER_SELL"": 483}",False
no_policy,0.50,2026-01,4611,696,0.150943,0.364943,0.5,0.363372,0.122989,85.6,1.198765,118.0,"{""DO_NOTHING"": 3915, ""ENTER_BUY"": 8, ""ENTER_SELL"": 688}","{""DO_NOTHING"": 2888, ""ENTER_BUY"": 857, ""ENTER_SELL"": 866}",False
no_policy,0.50,2026-02,4539,299,0.065874,0.404682,0.163934,0.466387,0.557625,166.73,2.540943,45.65,"{""DO_NOTHING"": 4240, ""ENTER_BUY"": 61, ""ENTER_SELL"": 238}","{""DO_NOTHING"": 3177, ""ENTER_BUY"": 581, ""ENTER_SELL"": 781}",False
no_policy,0.50,2026-03,4866,290,0.059597,0.331034,0.398374,0.281437,0.027966,8.11,1.04291,51.0,"{""DO_NOTHING"": 4576, ""ENTER_BUY"": 123, ""ENTER_SELL"": 167}","{""DO_NOTHING"": 2382, ""ENTER_BUY"": 1060, ""ENTER_SELL"": 1424}",False
no_policy,0.50,2026-04,2294,448,0.195292,0.129464,,0.129464,-0.512299,-229.51,0.361248,268.86,"{""DO_NOTHING"": 1846, ""ENTER_SELL"": 448}","{""DO_NOTHING"": 1283, ""ENTER_BUY"": 692, ""ENTER_SELL"": 319}",False
rich_policy_light,0.50,2024-01,4900,525,0.107143,0.379048,0.197452,0.456522,0.296476,155.65,1.560215,118.65,"{""DO_NOTHING"": 4375, ""ENTER_BUY"": 157, ""ENTER_SELL"": 368}","{""DO_NOTHING"": 3222, ""ENTER_BUY"": 711, ""ENTER_SELL"": 967}",False
rich_policy_light,0.50,2024-02,4900,200,0.040816,0.285,0.322148,0.176471,0.271,54.2,1.57173,38.82,"{""DO_NOTHING"": 4700, ""ENTER_BUY"": 149, ""ENTER_SELL"": 51}","{""DO_NOTHING"": 3681, ""ENTER_BUY"": 652, ""ENTER_SELL"": 567}",False
rich_policy_light,0.50,2024-03,4857,120,0.024707,0.05,0.107143,0.0,-0.24375,-29.25,0.576026,56.39,"{""DO_NOTHING"": 4737, ""ENTER_BUY"": 56, ""ENTER_SELL"": 64}","{""DO_NOTHING"": 3713, ""ENTER_BUY"": 475, ""ENTER_SELL"": 669}",False
rich_policy_light,0.50,2024-04,4901,301,0.061416,0.392027,0.339623,0.777778,0.498837,150.15,2.216282,43.82,"{""DO_NOTHING"": 4600, ""ENTER_BUY"": 265, ""ENTER_SELL"": 36}","{""DO_NOTHING"": 3419, ""ENTER_BUY"": 741, ""ENTER_SELL"": 741}",False
rich_policy_light,0.50,2024-05,5476,168,0.030679,0.041667,0.05042,0.020408,-0.622619,-104.6,0.230543,108.31,"{""DO_NOTHING"": 5308, ""ENTER_BUY"": 119, ""ENTER_SELL"": 49}","{""DO_NOTHING"": 4306, ""ENTER_BUY"": 677, ""ENTER_SELL"": 493}",False
rich_policy_light,0.50,2024-06,4612,213,0.046184,0.29108,0.32948,0.125,0.034272,7.3,1.055232,37.59,"{""DO_NOTHING"": 4399, ""ENTER_BUY"": 173, ""ENTER_SELL"": 40}","{""DO_NOTHING"": 3394, ""ENTER_BUY"": 492, ""ENTER_SELL"": 726}",False
rich_policy_light,0.50,2024-07,5000,109,0.0218,0.165138,0.157303,0.2,0.284037,30.96,1.832706,13.15,"{""DO_NOTHING"": 4891, ""ENTER_BUY"": 89, ""ENTER_SELL"": 20}","{""DO_NOTHING"": 4219, ""ENTER_BUY"": 358, ""ENTER_SELL"": 423}",False
rich_policy_light,0.50,2024-08,5188,129,0.024865,0.44186,0.346154,0.84,0.657364,84.8,2.798134,28.07,"{""DO_NOTHING"": 5059, ""ENTER_BUY"": 104, ""ENTER_SELL"": 25}","{""DO_NOTHING"": 3684, ""ENTER_BUY"": 801, ""ENTER_SELL"": 703}",False
rich_policy_light,0.50,2024-09,4613,75,0.016258,0.133333,1.0,0.084507,-0.4912,-36.84,0.359861,45.53,"{""DO_NOTHING"": 4538, ""ENTER_BUY"": 4, ""ENTER_SELL"": 71}","{""DO_NOTHING"": 3223, ""ENTER_BUY"": 785, ""ENTER_SELL"": 605}",True
rich_policy_light,0.50,2024-10,5476,330,0.060263,0.345455,0.173913,0.46875,0.568636,187.65,2.702813,38.18,"{""DO_NOTHING"": 5146, ""ENTER_BUY"": 138, ""ENTER_SELL"": 192}","{""DO_NOTHING"": 4215, ""ENTER_BUY"": 427, ""ENTER_SELL"": 834}",False
rich_policy_light,0.50,2024-11,4888,567,0.115998,0.338624,0.448468,0.149038,0.090653,51.4,1.14695,103.3,"{""DO_NOTHING"": 4321, ""ENTER_BUY"": 359, ""ENTER_SELL"": 208}","{""DO_NOTHING"": 2613, ""ENTER_BUY"": 1115, ""ENTER_SELL"": 1160}",False
rich_policy_light,0.50,2024-12,4567,315,0.068973,0.142857,0.128713,0.5,-0.43746,-137.8,0.421616,151.53,"{""DO_NOTHING"": 4252, ""ENTER_BUY"": 303, ""ENTER_SELL"": 12}","{""DO_NOTHING"": 2761, ""ENTER_BUY"": 914, ""ENTER_SELL"": 892}",False
rich_policy_light,0.50,2025-01,4844,244,0.050372,0.278689,0.348837,0.2,0.014918,3.64,1.024625,61.0,"{""DO_NOTHING"": 4600, ""ENTER_BUY"": 129, ""ENTER_SELL"": 115}","{""DO_NOTHING"": 2821, ""ENTER_BUY"": 928, ""ENTER_SELL"": 1095}",False
rich_policy_light,0.50,2025-02,4612,271,0.05876,0.250923,0.210811,0.337209,-0.06786,-18.39,0.894292,79.73,"{""DO_NOTHING"": 4341, ""ENTER_BUY"": 185, ""ENTER_SELL"": 86}","{""DO_NOTHING"": 2861, ""ENTER_BUY"": 905, ""ENTER_SELL"": 846}",False
rich_policy_light,0.50,2025-03,4577,177,0.038672,0.418079,0.357143,0.523077,0.313898,55.56,1.572784,47.0,"{""DO_NOTHING"": 4400, ""ENTER_BUY"": 112, ""ENTER_SELL"": 65}","{""DO_NOTHING"": 2332, ""ENTER_BUY"": 1164, ""ENTER_SELL"": 1081}",False
rich_policy_light,0.50,2025-04,5188,392,0.075559,0.382653,0.5,0.285047,0.154643,60.62,1.251535,110.38,"{""DO_NOTHING"": 4796, ""ENTER_BUY"": 178, ""ENTER_SELL"": 214}","{""DO_NOTHING"": 2083, ""ENTER_BUY"": 1674, ""ENTER_SELL"": 1431}",False
rich_policy_light,0.50,2025-05,5176,338,0.065301,0.263314,0.426471,0.153465,-0.19145,-64.71,0.734795,83.0,"{""DO_NOTHING"": 4838, ""ENTER_BUY"": 136, ""ENTER_SELL"": 202}","{""DO_NOTHING"": 2371, ""ENTER_BUY"": 1562, ""ENTER_SELL"": 1243}",False
rich_policy_light,0.50,2025-06,4613,91,0.019727,0.142857,0.473684,0.055556,-0.551099,-50.15,0.348701,60.0,"{""DO_NOTHING"": 4522, ""ENTER_BUY"": 19, ""ENTER_SELL"": 72}","{""DO_NOTHING"": 2481, ""ENTER_BUY"": 1207, ""ENTER_SELL"": 925}",True
rich_policy_light,0.50,2025-07,5235,363,0.069341,0.402204,0.35,0.412541,0.260661,94.62,1.465306,42.11,"{""DO_NOTHING"": 4872, ""ENTER_BUY"": 60, ""ENTER_SELL"": 303}","{""DO_NOTHING"": 2834, ""ENTER_BUY"": 946, ""ENTER_SELL"": 1455}",False
rich_policy_light,0.50,2025-08,4898,624,0.127399,0.347756,0.729167,0.315972,0.172837,107.85,1.297206,79.29,"{""DO_NOTHING"": 4274, ""ENTER_BUY"": 48, ""ENTER_SELL"": 576}","{""DO_NOTHING"": 2914, ""ENTER_BUY"": 974, ""ENTER_SELL"": 1010}",False
rich_policy_light,0.50,2025-09,4901,251,0.051214,0.223108,0.186441,0.255639,-0.136614,-34.29,0.786382,87.38,"{""DO_NOTHING"": 4650, ""ENTER_BUY"": 118, ""ENTER_SELL"": 133}","{""DO_NOTHING"": 3081, ""ENTER_BUY"": 863, ""ENTER_SELL"": 957}",False
rich_policy_light,0.50,2025-10,5429,301,0.055443,0.262458,0.575758,0.223881,0.121395,36.54,1.233542,75.08,"{""DO_NOTHING"": 5128, ""ENTER_BUY"": 33, ""ENTER_SELL"": 268}","{""DO_NOTHING"": 3455, ""ENTER_BUY"": 956, ""ENTER_SELL"": 1018}",False
rich_policy_light,0.50,2025-11,4612,216,0.046834,0.574074,0.0,0.616915,0.91088,196.75,4.129474,20.0,"{""DO_NOTHING"": 4396, ""ENTER_BUY"": 15, ""ENTER_SELL"": 201}","{""DO_NOTHING"": 3314, ""ENTER_BUY"": 621, ""ENTER_SELL"": 677}",False
rich_policy_light,0.50,2025-12,4596,89,0.019365,0.258427,0.0,0.310811,0.101573,9.04,1.176631,23.11,"{""DO_NOTHING"": 4507, ""ENTER_BUY"": 15, ""ENTER_SELL"": 74}","{""DO_NOTHING"": 3497, ""ENTER_BUY"": 616, ""ENTER_SELL"": 483}",True
rich_policy_light,0.50,2026-01,4611,579,0.125569,0.373057,0.571429,0.370629,0.153022,88.6,1.251948,72.0,"{""DO_NOTHING"": 4032, ""ENTER_BUY"": 7, ""ENTER_SELL"": 572}","{""DO_NOTHING"": 2888, ""ENTER_BUY"": 857, ""ENTER_SELL"": 866}",False
rich_policy_light,0.50,2026-02,4539,241,0.053095,0.369295,0.163934,0.438889,0.466763,112.49,2.232227,41.73,"{""DO_NOTHING"": 4298, ""ENTER_BUY"": 61, ""ENTER_SELL"": 180}","{""DO_NOTHING"": 3177, ""ENTER_BUY"": 581, ""ENTER_SELL"": 781}",False
rich_policy_light,0.50,2026-03,4866,257,0.052815,0.326848,0.336364,0.319728,0.019883,5.11,1.030417,40.0,"{""DO_NOTHING"": 4609, ""ENTER_BUY"": 110, ""ENTER_SELL"": 147}","{""DO_NOTHING"": 2382, ""ENTER_BUY"": 1060, ""ENTER_SELL"": 1424}",False
rich_policy_light,0.50,2026-04,2294,128,0.055798,0.21875,,0.21875,-0.1775,-22.72,0.726265,59.29,"{""DO_NOTHING"": 2166, ""ENTER_SELL"": 128}","{""DO_NOTHING"": 1283, ""ENTER_BUY"": 692, ""ENTER_SELL"": 319}",False
rich_policy_medium,0.50,2024-01,4900,364,0.074286,0.39011,0.209524,0.46332,0.344588,125.43,1.669138,75.21,"{""DO_NOTHING"": 4536, ""ENTER_BUY"": 105, ""ENTER_SELL"": 259}","{""DO_NOTHING"": 3222, ""ENTER_BUY"": 711, ""ENTER_SELL"": 967}",False
rich_policy_medium,0.50,2024-02,4900,119,0.024286,0.302521,0.370787,0.1,0.323445,38.49,1.670557,25.29,"{""DO_NOTHING"": 4781, ""ENTER_BUY"": 89, ""ENTER_SELL"": 30}","{""DO_NOTHING"": 3681, ""ENTER_BUY"": 652, ""ENTER_SELL"": 567}",False
rich_policy_medium,0.50,2024-03,4857,70,0.014412,0.0,0.0,0.0,-0.359429,-25.16,0.416918,35.99,"{""DO_NOTHING"": 4787, ""ENTER_BUY"": 38, ""ENTER_SELL"": 32}","{""DO_NOTHING"": 3713, ""ENTER_BUY"": 475, ""ENTER_SELL"": 669}",True
rich_policy_medium,0.50,2024-04,4901,196,0.039992,0.408163,0.350877,0.8,0.662959,129.94,2.976574,29.82,"{""DO_NOTHING"": 4705, ""ENTER_BUY"": 171, ""ENTER_SELL"": 25}","{""DO_NOTHING"": 3419, ""ENTER_BUY"": 741, ""ENTER_SELL"": 741}",False
rich_policy_medium,0.50,2024-05,5476,75,0.013696,0.053333,0.078431,0.0,-0.6316,-47.37,0.234362,47.87,"{""DO_NOTHING"": 5401, ""ENTER_BUY"": 51, ""ENTER_SELL"": 24}","{""DO_NOTHING"": 4306, ""ENTER_BUY"": 677, ""ENTER_SELL"": 493}",True
rich_policy_medium,0.50,2024-06,4612,121,0.026236,0.38843,0.43299,0.208333,0.407273,49.28,1.842681,17.0,"{""DO_NOTHING"": 4491, ""ENTER_BUY"": 97, ""ENTER_SELL"": 24}","{""DO_NOTHING"": 3394, ""ENTER_BUY"": 492, ""ENTER_SELL"": 726}",False
rich_policy_medium,0.50,2024-07,5000,54,0.0108,0.185185,0.15,0.285714,0.237593,12.83,1.659979,7.97,"{""DO_NOTHING"": 4946, ""ENTER_BUY"": 40, ""ENTER_SELL"": 14}","{""DO_NOTHING"": 4219, ""ENTER_BUY"": 358, ""ENTER_SELL"": 423}",True
rich_policy_medium,0.50,2024-08,5188,81,0.015613,0.320988,0.166667,1.0,0.378272,30.64,1.871445,26.31,"{""DO_NOTHING"": 5107, ""ENTER_BUY"": 66, ""ENTER_SELL"": 15}","{""DO_NOTHING"": 3684, ""ENTER_BUY"": 801, ""ENTER_SELL"": 703}",True
rich_policy_medium,0.50,2024-09,4613,37,0.008021,0.27027,1.0,0.181818,0.026216,0.97,1.049139,19.53,"{""DO_NOTHING"": 4576, ""ENTER_BUY"": 4, ""ENTER_SELL"": 33}","{""DO_NOTHING"": 3223, ""ENTER_BUY"": 785, ""ENTER_SELL"": 605}",True
rich_policy_medium,0.50,2024-10,5476,217,0.039627,0.271889,0.146067,0.359375,0.424194,92.05,2.240566,33.74,"{""DO_NOTHING"": 5259, ""ENTER_BUY"": 89, ""ENTER_SELL"": 128}","{""DO_NOTHING"": 4215, ""ENTER_BUY"": 427, ""ENTER_SELL"": 834}",False
rich_policy_medium,0.50,2024-11,4888,378,0.077332,0.359788,0.464567,0.145161,0.191534,72.4,1.333979,60.98,"{""DO_NOTHING"": 4510, ""ENTER_BUY"": 254, ""ENTER_SELL"": 124}","{""DO_NOTHING"": 2613, ""ENTER_BUY"": 1115, ""ENTER_SELL"": 1160}",False
rich_policy_medium,0.50,2024-12,4567,200,0.043792,0.2,0.180851,0.5,-0.1946,-38.92,0.698878,58.71,"{""DO_NOTHING"": 4367, ""ENTER_BUY"": 188, ""ENTER_SELL"": 12}","{""DO_NOTHING"": 2761, ""ENTER_BUY"": 914, ""ENTER_SELL"": 892}",False
rich_policy_medium,0.50,2025-01,4844,141,0.029108,0.191489,0.30137,0.073529,-0.314468,-44.34,0.5558,62.71,"{""DO_NOTHING"": 4703, ""ENTER_BUY"": 73, ""ENTER_SELL"": 68}","{""DO_NOTHING"": 2821, ""ENTER_BUY"": 928, ""ENTER_SELL"": 1095}",False
rich_policy_medium,0.50,2025-02,4612,193,0.041847,0.290155,0.239669,0.375,0.087461,16.88,1.150755,49.15,"{""DO_NOTHING"": 4419, ""ENTER_BUY"": 121, ""ENTER_SELL"": 72}","{""DO_NOTHING"": 2861, ""ENTER_BUY"": 905, ""ENTER_SELL"": 846}",False
rich_policy_medium,0.50,2025-03,4577,102,0.022285,0.401961,0.333333,0.566667,0.309412,31.56,1.573818,29.0,"{""DO_NOTHING"": 4475, ""ENTER_BUY"": 72, ""ENTER_SELL"": 30}","{""DO_NOTHING"": 2332, ""ENTER_BUY"": 1164, ""ENTER_SELL"": 1081}",False
rich_policy_medium,0.50,2025-04,5188,293,0.056476,0.430034,0.604317,0.272727,0.299044,87.62,1.527831,73.38,"{""DO_NOTHING"": 4895, ""ENTER_BUY"": 139, ""ENTER_SELL"": 154}","{""DO_NOTHING"": 2083, ""ENTER_BUY"": 1674, ""ENTER_SELL"": 1431}",False
rich_policy_medium,0.50,2025-05,5176,242,0.046754,0.293388,0.470588,0.164286,-0.093843,-22.71,0.863193,66.0,"{""DO_NOTHING"": 4934, ""ENTER_BUY"": 102, ""ENTER_SELL"": 140}","{""DO_NOTHING"": 2371, ""ENTER_BUY"": 1562, ""ENTER_SELL"": 1243}",False
rich_policy_medium,0.50,2025-06,4613,58,0.012573,0.155172,0.4375,0.047619,-0.502586,-29.15,0.392708,38.0,"{""DO_NOTHING"": 4555, ""ENTER_BUY"": 16, ""ENTER_SELL"": 42}","{""DO_NOTHING"": 2481, ""ENTER_BUY"": 1207, ""ENTER_SELL"": 925}",True
rich_policy_medium,0.50,2025-07,5235,201,0.038395,0.452736,0.567568,0.426829,0.414527,83.32,1.822102,21.67,"{""DO_NOTHING"": 5034, ""ENTER_BUY"": 37, ""ENTER_SELL"": 164}","{""DO_NOTHING"": 2834, ""ENTER_BUY"": 946, ""ENTER_SELL"": 1455}",False
rich_policy_medium,0.50,2025-08,4898,345,0.070437,0.33913,0.755556,0.276667,0.22171,76.49,1.399009,49.29,"{""DO_NOTHING"": 4553, ""ENTER_BUY"": 45, ""ENTER_SELL"": 300}","{""DO_NOTHING"": 2914, ""ENTER_BUY"": 974, ""ENTER_SELL"": 1010}",False
rich_policy_medium,0.50,2025-09,4901,178,0.036319,0.191011,0.12987,0.237624,-0.190449,-33.9,0.701374,72.42,"{""DO_NOTHING"": 4723, ""ENTER_BUY"": 77, ""ENTER_SELL"": 101}","{""DO_NOTHING"": 3081, ""ENTER_BUY"": 863, ""ENTER_SELL"": 957}",False
rich_policy_medium,0.50,2025-10,5429,193,0.03555,0.316062,0.764706,0.272727,0.321554,62.06,1.781514,38.42,"{""DO_NOTHING"": 5236, ""ENTER_BUY"": 17, ""ENTER_SELL"": 176}","{""DO_NOTHING"": 3455, ""ENTER_BUY"": 956, ""ENTER_SELL"": 1018}",False
rich_policy_medium,0.50,2025-11,4612,122,0.026453,0.57377,0.0,0.608696,0.875738,106.84,3.75219,13.0,"{""DO_NOTHING"": 4490, ""ENTER_BUY"": 7, ""ENTER_SELL"": 115}","{""DO_NOTHING"": 3314, ""ENTER_BUY"": 621, ""ENTER_SELL"": 677}",False
rich_policy_medium,0.50,2025-12,4596,48,0.010444,0.104167,0.0,0.138889,-0.115833,-5.56,0.809459,27.11,"{""DO_NOTHING"": 4548, ""ENTER_BUY"": 12, ""ENTER_SELL"": 36}","{""DO_NOTHING"": 3497, ""ENTER_BUY"": 616, ""ENTER_SELL"": 483}",True
rich_policy_medium,0.50,2026-01,4611,424,0.091954,0.372642,0.75,0.369048,0.144976,61.47,1.235517,80.0,"{""DO_NOTHING"": 4187, ""ENTER_BUY"": 4, ""ENTER_SELL"": 420}","{""DO_NOTHING"": 2888, ""ENTER_BUY"": 857, ""ENTER_SELL"": 866}",False
rich_policy_medium,0.50,2026-02,4539,152,0.033488,0.322368,0.028571,0.410256,0.536118,81.49,2.926933,17.73,"{""DO_NOTHING"": 4387, ""ENTER_BUY"": 35, ""ENTER_SELL"": 117}","{""DO_NOTHING"": 3177, ""ENTER_BUY"": 581, ""ENTER_SELL"": 781}",False
rich_policy_medium,0.50,2026-03,4866,190,0.039046,0.384211,0.333333,0.424528,0.205842,39.11,1.349196,31.89,"{""DO_NOTHING"": 4676, ""ENTER_BUY"": 84, ""ENTER_SELL"": 106}","{""DO_NOTHING"": 2382, ""ENTER_BUY"": 1060, ""ENTER_SELL"": 1424}",False
rich_policy_medium,0.50,2026-04,2294,113,0.049259,0.20354,,0.20354,-0.201062,-22.72,0.688767,53.89,"{""DO_NOTHING"": 2181, ""ENTER_SELL"": 113}","{""DO_NOTHING"": 1283, ""ENTER_BUY"": 692, ""ENTER_SELL"": 319}",False
rich_policy_strict,0.50,2024-01,4900,146,0.029796,0.184932,0.0,0.252336,-0.214452,-31.31,0.681777,41.15,"{""DO_NOTHING"": 4754, ""ENTER_BUY"": 39, ""ENTER_SELL"": 107}","{""DO_NOTHING"": 3222, ""ENTER_BUY"": 711, ""ENTER_SELL"": 967}",False
rich_policy_strict,0.50,2024-02,4900,11,0.002245,0.727273,0.727273,,1.770909,19.48,,0.0,"{""DO_NOTHING"": 4889, ""ENTER_BUY"": 11}","{""DO_NOTHING"": 3681, ""ENTER_BUY"": 652, ""ENTER_SELL"": 567}",True
rich_policy_strict,0.50,2024-03,4857,8,0.001647,0.0,,0.0,-1.0,-8.0,0.0,8.0,"{""DO_NOTHING"": 4849, ""ENTER_SELL"": 8}","{""DO_NOTHING"": 3713, ""ENTER_BUY"": 475, ""ENTER_SELL"": 669}",True
rich_policy_strict,0.50,2024-04,4901,100,0.020404,0.45,0.413043,0.875,0.9014,90.14,4.287381,10.6,"{""DO_NOTHING"": 4801, ""ENTER_BUY"": 92, ""ENTER_SELL"": 8}","{""DO_NOTHING"": 3419, ""ENTER_BUY"": 741, ""ENTER_SELL"": 741}",False
rich_policy_strict,0.50,2024-05,5476,6,0.001096,0.0,,0.0,-1.0,-6.0,0.0,6.0,"{""DO_NOTHING"": 5470, ""ENTER_SELL"": 6}","{""DO_NOTHING"": 4306, ""ENTER_BUY"": 677, ""ENTER_SELL"": 493}",True
rich_policy_strict,0.50,2024-06,4612,20,0.004337,0.35,0.166667,0.625,0.822,16.44,3.647343,3.0,"{""DO_NOTHING"": 4592, ""ENTER_BUY"": 12, ""ENTER_SELL"": 8}","{""DO_NOTHING"": 3394, ""ENTER_BUY"": 492, ""ENTER_SELL"": 726}",True
rich_policy_strict,0.50,2024-07,5000,6,0.0012,0.333333,0.333333,,1.816667,10.9,,0.0,"{""DO_NOTHING"": 4994, ""ENTER_BUY"": 6}","{""DO_NOTHING"": 4219, ""ENTER_BUY"": 358, ""ENTER_SELL"": 423}",True
rich_policy_strict,0.50,2024-08,5188,39,0.007517,0.0,0.0,,-0.743846,-29.01,0.03813,29.01,"{""DO_NOTHING"": 5149, ""ENTER_BUY"": 39}","{""DO_NOTHING"": 3684, ""ENTER_BUY"": 801, ""ENTER_SELL"": 703}",True
rich_policy_strict,0.50,2024-09,4613,6,0.001301,0.0,,0.0,-0.588333,-3.53,0.0,3.53,"{""DO_NOTHING"": 4607, ""ENTER_SELL"": 6}","{""DO_NOTHING"": 3223, ""ENTER_BUY"": 785, ""ENTER_SELL"": 605}",True
rich_policy_strict,0.50,2024-10,5476,66,0.012053,0.30303,0.25,0.5,0.6,39.6,3.11878,13.03,"{""DO_NOTHING"": 5410, ""ENTER_BUY"": 52, ""ENTER_SELL"": 14}","{""DO_NOTHING"": 4215, ""ENTER_BUY"": 427, ""ENTER_SELL"": 834}",True
rich_policy_strict,0.50,2024-11,4888,181,0.037029,0.320442,0.375,0.231884,0.017017,3.08,1.026614,31.65,"{""DO_NOTHING"": 4707, ""ENTER_BUY"": 112, ""ENTER_SELL"": 69}","{""DO_NOTHING"": 2613, ""ENTER_BUY"": 1115, ""ENTER_SELL"": 1160}",False
rich_policy_strict,0.50,2024-12,4567,93,0.020363,0.129032,0.117647,0.25,-0.351935,-32.73,0.471329,47.0,"{""DO_NOTHING"": 4474, ""ENTER_BUY"": 85, ""ENTER_SELL"": 8}","{""DO_NOTHING"": 2761, ""ENTER_BUY"": 914, ""ENTER_SELL"": 892}",True
rich_policy_strict,0.50,2025-01,4844,30,0.006193,0.1,0.130435,0.0,-0.342,-10.26,0.388558,13.35,"{""DO_NOTHING"": 4814, ""ENTER_BUY"": 23, ""ENTER_SELL"": 7}","{""DO_NOTHING"": 2821, ""ENTER_BUY"": 928, ""ENTER_SELL"": 1095}",True
rich_policy_strict,0.50,2025-02,4612,76,0.016479,0.394737,0.233333,0.5,0.362763,27.57,1.747154,20.81,"{""DO_NOTHING"": 4536, ""ENTER_BUY"": 30, ""ENTER_SELL"": 46}","{""DO_NOTHING"": 2861, ""ENTER_BUY"": 905, ""ENTER_SELL"": 846}",True
rich_policy_strict,0.50,2025-03,4577,26,0.005681,0.346154,0.346154,,0.248846,6.47,1.462143,11.0,"{""DO_NOTHING"": 4551, ""ENTER_BUY"": 26}","{""DO_NOTHING"": 2332, ""ENTER_BUY"": 1164, ""ENTER_SELL"": 1081}",True
rich_policy_strict,0.50,2025-04,5188,206,0.039707,0.504854,0.808511,0.25,0.527282,108.62,2.075446,44.38,"{""DO_NOTHING"": 4982, ""ENTER_BUY"": 94, ""ENTER_SELL"": 112}","{""DO_NOTHING"": 2083, ""ENTER_BUY"": 1674, ""ENTER_SELL"": 1431}",False
rich_policy_strict,0.50,2025-05,5176,137,0.026468,0.313869,0.492063,0.162162,-0.058394,-8.0,0.914894,25.0,"{""DO_NOTHING"": 5039, ""ENTER_BUY"": 63, ""ENTER_SELL"": 74}","{""DO_NOTHING"": 2371, ""ENTER_BUY"": 1562, ""ENTER_SELL"": 1243}",False
rich_policy_strict,0.50,2025-06,4613,10,0.002168,0.6,0.6,,0.985,9.85,4.283333,2.0,"{""DO_NOTHING"": 4603, ""ENTER_BUY"": 10}","{""DO_NOTHING"": 2481, ""ENTER_BUY"": 1207, ""ENTER_SELL"": 925}",True
rich_policy_strict,0.50,2025-07,5235,89,0.017001,0.359551,0.636364,0.268657,0.205843,18.32,1.378904,20.0,"{""DO_NOTHING"": 5146, ""ENTER_BUY"": 22, ""ENTER_SELL"": 67}","{""DO_NOTHING"": 2834, ""ENTER_BUY"": 946, ""ENTER_SELL"": 1455}",True
rich_policy_strict,0.50,2025-08,4898,158,0.032258,0.35443,0.885714,0.203252,0.427342,67.52,1.924932,26.29,"{""DO_NOTHING"": 4740, ""ENTER_BUY"": 35, ""ENTER_SELL"": 123}","{""DO_NOTHING"": 2914, ""ENTER_BUY"": 974, ""ENTER_SELL"": 1010}",False
rich_policy_strict,0.50,2025-09,4901,81,0.016527,0.271605,0.30303,0.25,0.007778,0.63,1.0126,22.42,"{""DO_NOTHING"": 4820, ""ENTER_BUY"": 33, ""ENTER_SELL"": 48}","{""DO_NOTHING"": 3081, ""ENTER_BUY"": 863, ""ENTER_SELL"": 957}",True
rich_policy_strict,0.50,2025-10,5429,57,0.010499,0.0,,0.0,-0.328772,-18.74,0.414375,18.74,"{""DO_NOTHING"": 5372, ""ENTER_SELL"": 57}","{""DO_NOTHING"": 3455, ""ENTER_BUY"": 956, ""ENTER_SELL"": 1018}",True
rich_policy_strict,0.50,2025-11,4612,48,0.010408,0.770833,0.0,0.902439,1.516458,72.79,15.558,2.0,"{""DO_NOTHING"": 4564, ""ENTER_BUY"": 7, ""ENTER_SELL"": 41}","{""DO_NOTHING"": 3314, ""ENTER_BUY"": 621, ""ENTER_SELL"": 677}",True
rich_policy_strict,0.50,2025-12,4596,8,0.001741,0.125,,0.125,-0.0875,-0.7,0.86,3.0,"{""DO_NOTHING"": 4588, ""ENTER_SELL"": 8}","{""DO_NOTHING"": 3497, ""ENTER_BUY"": 616, ""ENTER_SELL"": 483}",True
rich_policy_strict,0.50,2026-01,4611,214,0.046411,0.345794,,0.345794,0.060421,12.93,1.093696,36.0,"{""DO_NOTHING"": 4397, ""ENTER_SELL"": 214}","{""DO_NOTHING"": 2888, ""ENTER_BUY"": 857, ""ENTER_SELL"": 866}",False
rich_policy_strict,0.50,2026-02,4539,47,0.010355,0.276596,0.0,0.928571,0.831277,39.07,10.992327,2.15,"{""DO_NOTHING"": 4492, ""ENTER_BUY"": 33, ""ENTER_SELL"": 14}","{""DO_NOTHING"": 3177, ""ENTER_BUY"": 581, ""ENTER_SELL"": 781}",True
rich_policy_strict,0.50,2026-03,4866,90,0.018496,0.544444,0.404762,0.666667,0.633333,57.0,2.390244,19.0,"{""DO_NOTHING"": 4776, ""ENTER_BUY"": 42, ""ENTER_SELL"": 48}","{""DO_NOTHING"": 2382, ""ENTER_BUY"": 1060, ""ENTER_SELL"": 1424}",True
rich_policy_strict,0.50,2026-04,2294,63,0.027463,0.015873,,0.015873,-0.701905,-44.22,0.118245,47.89,"{""DO_NOTHING"": 2231, ""ENTER_SELL"": 63}","{""DO_NOTHING"": 1283, ""ENTER_BUY"": 692, ""ENTER_SELL"": 319}",True
